Date,Description,Amount,Credit Card No
2025-10-08,"MYNTRA DESIGNS BANGALORE-173830",5865.00,XXXX 1234
2025-10-13,"SWIGGY BANGALORE-797392",4940.00,XXXX 1234
2025-10-18,"MAKEMYTRIP INDIA PVT LTD-360895",4200.00,XXXX 1234
2025-10-23,"HP PETROL PUMP KORAMANGALA-749696",2645.00,XXXX 1234
2025-11-08,"MYNTRA DESIGNS BANGALORE-178093",6555.00,XXXX 1234
2025-11-13,"SWIGGY BANGALORE-795134",5460.00,XXXX 1234
2025-11-18,"MAKEMYTRIP INDIA PVT LTD-892686",4600.00,XXXX 1234
2025-11-23,"HP PETROL PUMP KORAMANGALA-156876",1955.00,XXXX 1234
2025-12-08,"MYNTRA DESIGNS BANGALORE-182356",7245.00,XXXX 1234
2025-12-13,"SWIGGY BANGALORE-792875",5980.00,XXXX 1234
2025-12-18,"MAKEMYTRIP INDIA PVT LTD-424477",3400.00,XXXX 1234
2025-12-23,"HP PETROL PUMP KORAMANGALA-564056",2185.00,XXXX 1234
2026-01-08,"MYNTRA DESIGNS BANGALORE-186619",7935.00,XXXX 1234
2026-01-13,"SWIGGY BANGALORE-790616",4420.00,XXXX 1234
2026-01-18,"MAKEMYTRIP INDIA PVT LTD-956268",3800.00,XXXX 1234
2026-01-23,"HP PETROL PUMP KORAMANGALA-971236",2415.00,XXXX 1234
2026-02-08,"MYNTRA DESIGNS BANGALORE-190882",5865.00,XXXX 1234
2026-02-13,"SWIGGY BANGALORE-788358",4940.00,XXXX 1234
2026-02-18,"MAKEMYTRIP INDIA PVT LTD-488059",4200.00,XXXX 1234
2026-02-23,"HP PETROL PUMP KORAMANGALA-378416",2645.00,XXXX 1234
2026-03-08,"MYNTRA DESIGNS BANGALORE-195145",6555.00,XXXX 1234
2026-03-13,"SWIGGY BANGALORE-786099",5460.00,XXXX 1234
2026-03-18,"MAKEMYTRIP INDIA PVT LTD-019850",4600.00,XXXX 1234
2026-03-23,"HP PETROL PUMP KORAMANGALA-785596",1955.00,XXXX 1234
2026-04-08,"MYNTRA DESIGNS BANGALORE-199408",7245.00,XXXX 1234
2026-04-13,"SWIGGY BANGALORE-783841",5980.00,XXXX 1234
2026-04-18,"MAKEMYTRIP INDIA PVT LTD-551641",3400.00,XXXX 1234
2026-04-23,"HP PETROL PUMP KORAMANGALA-192776",2185.00,XXXX 1234
2026-05-08,"MYNTRA DESIGNS BANGALORE-203671",7935.00,XXXX 1234
2026-05-13,"SWIGGY BANGALORE-781582",4420.00,XXXX 1234
2026-05-18,"MAKEMYTRIP INDIA PVT LTD-083432",3800.00,XXXX 1234
2026-05-23,"HP PETROL PUMP KORAMANGALA-599956",2415.00,XXXX 1234
2026-06-08,"MYNTRA DESIGNS BANGALORE-207934",5865.00,XXXX 1234
2026-06-13,"SWIGGY BANGALORE-779324",4940.00,XXXX 1234
2026-06-18,"MAKEMYTRIP INDIA PVT LTD-615223",4200.00,XXXX 1234
2026-06-23,"HP PETROL PUMP KORAMANGALA-007136",2645.00,XXXX 1234
2026-07-08,"MYNTRA DESIGNS BANGALORE-212197",6555.00,XXXX 1234
2026-07-13,"SWIGGY BANGALORE-777065",5460.00,XXXX 1234
2026-07-18,"MAKEMYTRIP INDIA PVT LTD-147014",4600.00,XXXX 1234
2026-07-23,"HP PETROL PUMP KORAMANGALA-414316",1955.00,XXXX 1234
2026-08-08,"MYNTRA DESIGNS BANGALORE-216460",7245.00,XXXX 1234
2026-08-13,"SWIGGY BANGALORE-774806",5980.00,XXXX 1234
2026-08-18,"MAKEMYTRIP INDIA PVT LTD-678805",3400.00,XXXX 1234
2026-08-23,"HP PETROL PUMP KORAMANGALA-821496",2185.00,XXXX 1234
2026-09-08,"MYNTRA DESIGNS BANGALORE-220723",7935.00,XXXX 1234
2026-09-13,"SWIGGY BANGALORE-772548",4420.00,XXXX 1234
2026-09-18,"MAKEMYTRIP INDIA PVT LTD-210596",3800.00,XXXX 1234
2026-09-23,"HP PETROL PUMP KORAMANGALA-228676",2415.00,XXXX 1234
2026-09-28,"PAYMENT RECEIVED THANK YOU",-20000.00,XXXX 1234
