Date,Description,Debit,Credit,Balance
2026-04-01,"NEFT CR-ACMEWORKS TECHNOLOGIES PVT LTD-SALARY",,110000.00,525660.00
2026-04-01,"UPI-SUNITA SHARMA-SCHOOLBUS-sunita.sharma@okicici",2400.00,,523260.00
2026-04-01,"UPI-ZEPTO-zepto@axisbank-782777",440.00,,522820.00
2026-04-01,"UPI-BLINKIT-blinkit@hdfcbank-127061",280.00,,522540.00
2026-04-01,"UPI-BLINKIT-blinkit@hdfcbank-691489",190.00,,522350.00
2026-04-01,"UPI-UBER INDIA-uber@axisbank-198616",200.00,,522150.00
2026-04-01,"UPI-RAPIDO-rapido@ybl-411449",70.00,,522080.00
2026-04-01,"UPI-CROSSWORD BOOKS-181954",490.00,,521590.00
2026-04-02,"UPI-OLA CABS-250414",430.00,,521160.00
2026-04-03,"UPI-RAMESH KUMAR-RENT-ramesh.kumar@okhdfcbank",32000.00,,489160.00
2026-04-03,"UPI-R SHARMA-ASHA HELP-rsharma@oksbi-271421",1000.00,,488160.00
2026-04-04,"ATM CASH WDL-509497-BLR",2000.00,,486160.00
2026-04-05,"ACH D-HDFC BANK HOME LOAN EMI-50200123",25000.00,,461160.00
2026-04-05,"BILLDESK*HDFC CREDIT CARD PAYMENT-63989760",16928.00,,444232.00
2026-04-05,"NETFLIX.COM MUMBAI IN-7918",649.00,,443583.00
2026-04-05,"UPI-ZEPTO-zepto@axisbank-697808",200.00,,443383.00
2026-04-05,"UPI-SWIGGY-swiggy@icici-237934",290.00,,443093.00
2026-04-05,"UPI-ZOMATO ONLINE-zomato@hdfcbank-172464",190.00,,442903.00
2026-04-06,"UPI-ZEPTO-zepto@axisbank-294422",200.00,,442703.00
2026-04-06,"UPI-ZOMATO ONLINE-zomato@hdfcbank-236948",190.00,,442513.00
2026-04-07,"ACH D-ZERODHA BROKING SIP-285553",30000.00,,412513.00
2026-04-07,"UPI-ZEPTO-zepto@axisbank-054897",190.00,,412323.00
2026-04-07,"UPI-ZEPTO-zepto@axisbank-491685",170.00,,412153.00
2026-04-07,"UPI-ZEPTO-zepto@axisbank-758141",310.00,,411843.00
2026-04-08,"UPI-SWIGGY-swiggy@icici-646105",180.00,,411663.00
2026-04-08,"UPI-RAPIDO-rapido@ybl-613675",40.00,,411623.00
2026-04-09,"UPI-IRCTC-irctc@sbi-268356",1170.00,,410453.00
2026-04-10,"UPI-CULT.FIT-cultfit@axisbank-238920",1500.00,,408953.00
2026-04-10,"UPI-R SHARMA-ASHA HELP-rsharma@oksbi-588947",1000.00,,407953.00
2026-04-10,"UPI-ZEPTO-zepto@axisbank-632587",290.00,,407663.00
2026-04-10,"UPI-RAPIDO-rapido@ybl-765543",30.00,,407633.00
2026-04-11,"UPI-BLINKIT-blinkit@hdfcbank-733129",190.00,,407443.00
2026-04-12,"BESCOM BILL PAYMENT-BBPS-84191796",3800.00,,403643.00
2026-04-13,"UPI-BLINKIT-blinkit@hdfcbank-536016",140.00,,403503.00
2026-04-13,"UPI-BLINKIT-blinkit@hdfcbank-915251",130.00,,403373.00
2026-04-13,"UPI-RAPIDO-rapido@ybl-095466",40.00,,403333.00
2026-04-14,"UPI-ZEPTO-zepto@axisbank-679078",430.00,,402903.00
2026-04-14,"UPI-ZEPTO-zepto@axisbank-670196",340.00,,402563.00
2026-04-15,"ACT FIBERNET-BBPS-73653099",999.00,,401564.00
2026-04-16,"UPI-BIGBASKET-bigbasket@icici-450722",640.00,,400924.00
2026-04-16,"UPI-SWIGGY-swiggy@icici-504637",160.00,,400764.00
2026-04-16,"UPI-ZOMATO ONLINE-zomato@hdfcbank-824096",190.00,,400574.00
2026-04-16,"UPI-UBER INDIA-uber@axisbank-899761",80.00,,400494.00
2026-04-16,"UPI-HOMETOWN FURNITURE-339180",100.00,,400394.00
2026-04-17,"UPI-R SHARMA-ASHA HELP-rsharma@oksbi-443127",1000.00,,399394.00
2026-04-17,"UPI-ZEPTO-zepto@axisbank-659598",190.00,,399204.00
2026-04-17,"UPI-SWIGGY-swiggy@icici-209197",170.00,,399034.00
2026-04-17,"UPI-ZOMATO ONLINE-zomato@hdfcbank-948645",290.00,,398744.00
2026-04-18,"AIRTEL POSTPAID-BBPS-48431356",799.00,,397945.00
2026-04-19,"UPI-ZEPTO-zepto@axisbank-760347",260.00,,397685.00
2026-04-19,"UPI-DMART READY-dmart@okaxis-968350",1570.00,,396115.00
2026-04-19,"UPI-SRI KRISHNA SWEETS-srikrishna@ybl-630689",280.00,,395835.00
2026-04-19,"UPI-NYKAA-610792",330.00,,395505.00
2026-04-20,"UPI-BLINKIT-blinkit@hdfcbank-169798",230.00,,395275.00
2026-04-20,"UPI-BIGBASKET-bigbasket@icici-783323",740.00,,394535.00
2026-04-20,"UPI-UBER INDIA-uber@axisbank-649573",110.00,,394425.00
2026-04-20,"UPI-MTR FOODS-628023",500.00,,393925.00
2026-04-21,"UPI-BLINKIT-blinkit@hdfcbank-186980",140.00,,393785.00
2026-04-21,"UPI-SWIGGY-swiggy@icici-557071",130.00,,393655.00
2026-04-22,"UPI-SWIGGY-swiggy@icici-162648",170.00,,393485.00
2026-04-22,"UPI-ZOMATO ONLINE-zomato@hdfcbank-906357",300.00,,393185.00
2026-04-22,"UPI-UBER INDIA-uber@axisbank-672982",200.00,,392985.00
2026-04-22,"UPI-VIDYARTHI BHAVAN-963110",280.00,,392705.00
2026-04-22,"UPI-SANKEY WATER TANKER-419572",390.00,,392315.00
2026-04-24,"UPI-R SHARMA-ASHA HELP-rsharma@oksbi-578851",1000.00,,391315.00
2026-04-25,"UPI-ZEPTO-zepto@axisbank-319953",260.00,,391055.00
2026-04-26,"UPI-SWIGGY-swiggy@icici-960180",260.00,,390795.00
2026-04-26,"UPI-SWIGGY-swiggy@icici-808329",170.00,,390625.00
2026-04-26,"UPI-RAPIDO-rapido@ybl-193501",40.00,,390585.00
2026-04-26,"UPI-AMAZON PAY INDIA-amazon@apl-254858",380.00,,390205.00
2026-04-27,"UPI-AMAZON PAY INDIA-amazon@apl-129237",570.00,,389635.00
2026-05-01,"NEFT CR-ACMEWORKS TECHNOLOGIES PVT LTD-SALARY",,110000.00,499635.00
2026-05-01,"UPI-SUNITA SHARMA-SCHOOLBUS-sunita.sharma@okicici",2400.00,,497235.00
2026-05-01,"UPI-ZOMATO ONLINE-zomato@hdfcbank-116775",250.00,,496985.00
2026-05-01,"UPI-UBER INDIA-uber@axisbank-554655",120.00,,496865.00
2026-05-01,"UPI-PEPPERFRY-679305",520.00,,496345.00
2026-05-03,"UPI-RAMESH KUMAR-RENT-ramesh.kumar@okhdfcbank",32000.00,,464345.00
2026-05-03,"UPI-R SHARMA-ASHA HELP-rsharma@oksbi-684492",1000.00,,463345.00
2026-05-03,"UPI-SWIGGY-swiggy@icici-069199",110.00,,463235.00
2026-05-03,"UPI-ZOMATO ONLINE-zomato@hdfcbank-363427",140.00,,463095.00
2026-05-04,"ATM CASH WDL-264958-BLR",2000.00,,461095.00
2026-05-05,"ACH D-HDFC BANK HOME LOAN EMI-50200123",25000.00,,436095.00
2026-05-05,"BILLDESK*HDFC CREDIT CARD PAYMENT-64261046",20056.00,,416039.00
2026-05-05,"NETFLIX.COM MUMBAI IN-4268",649.00,,415390.00
2026-05-05,"UPI-ZEPTO-zepto@axisbank-725265",350.00,,415040.00
2026-05-05,"UPI-ZEPTO-zepto@axisbank-451817",280.00,,414760.00
2026-05-05,"UPI-RAPIDO-rapido@ybl-684499",70.00,,414690.00
2026-05-06,"UPI-SWIGGY-swiggy@icici-908402",210.00,,414480.00
2026-05-07,"ACH D-ZERODHA BROKING SIP-078511",30000.00,,384480.00
2026-05-07,"UPI-SWIGGY-swiggy@icici-593061",250.00,,384230.00
2026-05-08,"UPI-ZEPTO-zepto@axisbank-988925",360.00,,383870.00
2026-05-08,"UPI-ZEPTO-zepto@axisbank-619195",240.00,,383630.00
2026-05-09,"UPI-HIMALAYA WELLNESS-007634",410.00,,383220.00
2026-05-09,"UPI-DPS SCHOOL FEES-778813",60000.00,,323220.00
2026-05-10,"UPI-CULT.FIT-cultfit@axisbank-498034",1500.00,,321720.00
2026-05-10,"UPI-R SHARMA-ASHA HELP-rsharma@oksbi-149953",1000.00,,320720.00
2026-05-10,"UPI-ZEPTO-zepto@axisbank-341802",310.00,,320410.00
2026-05-10,"UPI-ZOMATO ONLINE-zomato@hdfcbank-881533",230.00,,320180.00
2026-05-10,"UPI-FLIPKART-flipkart@axb-881841",440.00,,319740.00
2026-05-10,"UPI-SRI KRISHNA SWEETS-srikrishna@ybl-302429",220.00,,319520.00
2026-05-10,"UPI-NAMMA METRO BMRCL-452754",490.00,,319030.00
2026-05-11,"UPI-SWIGGY-swiggy@icici-199018",280.00,,318750.00
2026-05-11,"UPI-ZOMATO ONLINE-zomato@hdfcbank-801164",160.00,,318590.00
2026-05-12,"BESCOM BILL PAYMENT-BBPS-50718176",4200.00,,314390.00
2026-05-12,"UPI-ZOMATO ONLINE-zomato@hdfcbank-718414",210.00,,314180.00
2026-05-13,"UPI-ZEPTO-zepto@axisbank-366501",230.00,,313950.00
2026-05-13,"UPI-SWIGGY-swiggy@icici-302956",170.00,,313780.00
2026-05-13,"UPI-RAPIDO-rapido@ybl-011113",40.00,,313740.00
2026-05-14,"UPI-ZEPTO-zepto@axisbank-836515",330.00,,313410.00
2026-05-14,"UPI-BLINKIT-blinkit@hdfcbank-249185",310.00,,313100.00
2026-05-14,"UPI-SWIGGY-swiggy@icici-091176",110.00,,312990.00
2026-05-14,"UPI-RAPIDO-rapido@ybl-417932",50.00,,312940.00
2026-05-14,"UPI-ST MARYS BAKERY-296684",550.00,,312390.00
2026-05-15,"ACT FIBERNET-BBPS-97050706",999.00,,311391.00
2026-05-15,"UPI-BLINKIT-blinkit@hdfcbank-734329",290.00,,311101.00
2026-05-16,"UPI-SWIGGY-swiggy@icici-365995",190.00,,310911.00
2026-05-16,"UPI-ZOMATO ONLINE-zomato@hdfcbank-530175",330.00,,310581.00
2026-05-16,"UPI-AMAZON PAY INDIA-amazon@apl-304626",410.00,,310171.00
2026-05-16,"UPI-CAFE COFFEE DAY-621675",430.00,,309741.00
2026-05-17,"UPI-R SHARMA-ASHA HELP-rsharma@oksbi-845267",1000.00,,308741.00
2026-05-17,"UPI-ZEPTO-zepto@axisbank-877661",290.00,,308451.00
2026-05-17,"UPI-BIGBASKET-bigbasket@icici-803658",630.00,,307821.00
2026-05-17,"UPI-SWIGGY-swiggy@icici-660940",290.00,,307531.00
2026-05-17,"UPI-CURRY LEAF DINERS-015946",650.00,,306881.00
2026-05-18,"AIRTEL POSTPAID-BBPS-50157279",799.00,,306082.00
2026-05-18,"UPI-BLINKIT-blinkit@hdfcbank-606955",170.00,,305912.00
2026-05-18,"UPI-RAPIDO-rapido@ybl-159716",70.00,,305842.00
2026-05-18,"UPI-AMAZON PAY INDIA-amazon@apl-820281",420.00,,305422.00
2026-05-19,"UPI-BIGBASKET-bigbasket@icici-408566",890.00,,304532.00
2026-05-20,"UPI-ZEPTO-zepto@axisbank-745455",420.00,,304112.00
2026-05-21,"UPI-BIGBASKET-bigbasket@icici-589556",520.00,,303592.00
2026-05-21,"UPI-RAPIDO-rapido@ybl-138408",50.00,,303542.00
2026-05-22,"UPI-BLINKIT-blinkit@hdfcbank-386712",260.00,,303282.00
2026-05-22,"UPI-TRUFFLES ICE AND SPICE-187380",560.00,,302722.00
2026-05-23,"UPI-UBER INDIA-uber@axisbank-627921",150.00,,302572.00
2026-05-24,"UPI-R SHARMA-ASHA HELP-rsharma@oksbi-754930",1000.00,,301572.00
2026-05-25,"UPI-BLINKIT-blinkit@hdfcbank-883260",270.00,,301302.00
2026-05-25,"UPI-UBER INDIA-uber@axisbank-298039",150.00,,301152.00
2026-05-26,"UPI-ZEPTO-zepto@axisbank-474406",290.00,,300862.00
2026-05-26,"UPI-BLINKIT-blinkit@hdfcbank-882258",140.00,,300722.00
2026-05-26,"UPI-SWIGGY-swiggy@icici-935557",170.00,,300552.00
2026-05-27,"UPI-SWIGGY-swiggy@icici-407101",140.00,,300412.00
2026-06-01,"NEFT CR-ACMEWORKS TECHNOLOGIES PVT LTD-SALARY",,110000.00,410412.00
2026-06-01,"UPI-SUNITA SHARMA-SCHOOLBUS-sunita.sharma@okicici",2400.00,,408012.00
2026-06-03,"UPI-RAMESH KUMAR-RENT-ramesh.kumar@okhdfcbank",32000.00,,376012.00
2026-06-03,"UPI-R SHARMA-ASHA HELP-rsharma@oksbi-097563",1000.00,,375012.00
2026-06-03,"UPI-SWIGGY-swiggy@icici-533605",190.00,,374822.00
2026-06-03,"UPI-KRISHNA FLOWERS-677055",420.00,,374402.00
2026-06-04,"UPI-ZEPTO-zepto@axisbank-164721",410.00,,373992.00
2026-06-04,"UPI-ZOMATO ONLINE-zomato@hdfcbank-225737",260.00,,373732.00
2026-06-04,"UPI-RAPIDO-rapido@ybl-968901",60.00,,373672.00
2026-06-04,"UPI-RAPIDO-rapido@ybl-289271",40.00,,373632.00
2026-06-04,"UPI-URBAN COMPANY-369929",510.00,,373122.00
2026-06-04,"ATM CASH WDL-703193-BLR",2000.00,,371122.00
2026-06-05,"ACH D-HDFC BANK HOME LOAN EMI-50200123",25000.00,,346122.00
2026-06-05,"BILLDESK*HDFC CREDIT CARD PAYMENT-64532333",19504.00,,326618.00
2026-06-05,"NETFLIX.COM MUMBAI IN-0617",649.00,,325969.00
2026-06-05,"UPI-ZEPTO-zepto@axisbank-004525",190.00,,325779.00
2026-06-05,"UPI-ZEPTO-zepto@axisbank-205827",370.00,,325409.00
2026-06-05,"UPI-ZEPTO-zepto@axisbank-784404",340.00,,325069.00
2026-06-05,"UPI-UBER INDIA-uber@axisbank-773473",170.00,,324899.00
2026-06-06,"UPI-SWIGGY-swiggy@icici-986783",160.00,,324739.00
2026-06-07,"ACH D-ZERODHA BROKING SIP-871469",30000.00,,294739.00
2026-06-07,"UPI-ZEPTO-zepto@axisbank-315992",430.00,,294309.00
2026-06-07,"UPI-BLINKIT-blinkit@hdfcbank-385274",270.00,,294039.00
2026-06-07,"UPI-BLINKIT-blinkit@hdfcbank-393578",180.00,,293859.00
2026-06-07,"UPI-FRESHMENU-650470",380.00,,293479.00
2026-06-08,"UPI-ZEPTO-zepto@axisbank-746705",310.00,,293169.00
2026-06-08,"UPI-BLINKIT-blinkit@hdfcbank-789275",200.00,,292969.00
2026-06-08,"UPI-SWIGGY-swiggy@icici-368317",190.00,,292779.00
2026-06-08,"UPI-UBER INDIA-uber@axisbank-553808",190.00,,292589.00
2026-06-09,"UPI-RAPIDO-rapido@ybl-912181",50.00,,292539.00
2026-06-10,"UPI-CULT.FIT-cultfit@axisbank-757149",1500.00,,291039.00
2026-06-10,"UPI-R SHARMA-ASHA HELP-rsharma@oksbi-710958",1000.00,,290039.00
2026-06-11,"UPI-SWIGGY-swiggy@icici-581088",230.00,,289809.00
2026-06-11,"UPI-ZOMATO ONLINE-zomato@hdfcbank-203227",150.00,,289659.00
2026-06-12,"BESCOM BILL PAYMENT-BBPS-17244557",3000.00,,286659.00
2026-06-12,"UPI-SWIGGY-swiggy@icici-078164",190.00,,286469.00
2026-06-12,"UPI-ZOMATO ONLINE-zomato@hdfcbank-428453",160.00,,286309.00
2026-06-14,"UPI-ZEPTO-zepto@axisbank-552309",400.00,,285909.00
2026-06-14,"UPI-AMAZON PAY INDIA-amazon@apl-027239",400.00,,285509.00
2026-06-14,"UPI-HOTEL MEGHANA FOODS-166808",370.00,,285139.00
2026-06-15,"ACT FIBERNET-BBPS-20448313",999.00,,284140.00
2026-06-15,"UPI-RAPIDO-rapido@ybl-697990",80.00,,284060.00
2026-06-15,"UPI-BOOKS & BEYOND-236672",320.00,,283740.00
2026-06-17,"UPI-R SHARMA-ASHA HELP-rsharma@oksbi-247406",1000.00,,282740.00
2026-06-17,"UPI-BIGBASKET-bigbasket@icici-619302",630.00,,282110.00
2026-06-17,"UPI-SWIGGY-swiggy@icici-020131",270.00,,281840.00
2026-06-18,"AIRTEL POSTPAID-BBPS-51883201",799.00,,281041.00
2026-06-18,"UPI-ZEPTO-zepto@axisbank-657896",150.00,,280891.00
2026-06-18,"UPI-ZEPTO-zepto@axisbank-655158",380.00,,280511.00
2026-06-18,"UPI-BIGBASKET-bigbasket@icici-917873",460.00,,280051.00
2026-06-19,"UPI-ZEPTO-zepto@axisbank-085127",240.00,,279811.00
2026-06-19,"UPI-MEDPLUS PHARMACY-051776",110.00,,279701.00
2026-06-20,"UPI-ZEPTO-zepto@axisbank-438581",260.00,,279441.00
2026-06-20,"UPI-ZEPTO-zepto@axisbank-618132",160.00,,279281.00
2026-06-20,"UPI-ZOMATO ONLINE-zomato@hdfcbank-035954",170.00,,279111.00
2026-06-22,"UPI-UBER INDIA-uber@axisbank-821798",210.00,,278901.00
2026-06-22,"UPI-LENSKART-242576",230.00,,278671.00
2026-06-23,"UPI-ZEPTO-zepto@axisbank-433951",220.00,,278451.00
2026-06-23,"UPI-BLINKIT-blinkit@hdfcbank-685359",230.00,,278221.00
2026-06-23,"UPI-SWIGGY-swiggy@icici-392531",300.00,,277921.00
2026-06-23,"UPI-ZOMATO ONLINE-zomato@hdfcbank-231895",190.00,,277731.00
2026-06-24,"UPI-R SHARMA-ASHA HELP-rsharma@oksbi-931010",1000.00,,276731.00
2026-06-24,"UPI-ZEPTO-zepto@axisbank-831311",340.00,,276391.00
2026-06-24,"UPI-BLINKIT-blinkit@hdfcbank-448993",280.00,,276111.00
2026-06-24,"UPI-SWIGGY-swiggy@icici-796193",290.00,,275821.00
2026-06-24,"UPI-AMAZON PAY INDIA-amazon@apl-411849",420.00,,275401.00
2026-06-25,"UPI-ZEPTO-zepto@axisbank-166035",440.00,,274961.00
2026-06-25,"UPI-SRI KRISHNA SWEETS-srikrishna@ybl-798726",280.00,,274681.00
2026-06-27,"UPI-ZEPTO-zepto@axisbank-817943",410.00,,274271.00
2026-06-27,"UPI-BLINKIT-blinkit@hdfcbank-015657",230.00,,274041.00
2026-06-27,"UPI-ZOMATO ONLINE-zomato@hdfcbank-950616",120.00,,273921.00
2026-06-27,"UPI-RAPIDO-rapido@ybl-507957",70.00,,273851.00
2026-07-01,"NEFT CR-ACMEWORKS TECHNOLOGIES PVT LTD-SALARY",,110000.00,383851.00
2026-07-01,"UPI-SUNITA SHARMA-SCHOOLBUS-sunita.sharma@okicici",2400.00,,381451.00
2026-07-01,"UPI-ZEPTO-zepto@axisbank-667248",370.00,,381081.00
2026-07-01,"UPI-ZEPTO-zepto@axisbank-326867",250.00,,380831.00
2026-07-01,"UPI-BLINKIT-blinkit@hdfcbank-394759",310.00,,380521.00
2026-07-01,"UPI-UBER INDIA-uber@axisbank-729163",190.00,,380331.00
2026-07-02,"UPI-SWIGGY-swiggy@icici-145387",250.00,,380081.00
2026-07-02,"UPI-UBER INDIA-uber@axisbank-225430",130.00,,379951.00
2026-07-03,"UPI-RAMESH KUMAR-RENT-ramesh.kumar@okhdfcbank",32000.00,,347951.00
2026-07-03,"UPI-R SHARMA-ASHA HELP-rsharma@oksbi-510633",1000.00,,346951.00
2026-07-03,"UPI-SWIGGY-swiggy@icici-124121",100.00,,346851.00
2026-07-04,"UPI-ZEPTO-zepto@axisbank-959837",160.00,,346691.00
2026-07-04,"UPI-SWIGGY-swiggy@icici-582359",240.00,,346451.00
2026-07-04,"UPI-RAPIDO-rapido@ybl-366708",60.00,,346391.00
2026-07-04,"ATM CASH WDL-838593-BLR",2000.00,,344391.00
2026-07-05,"ACH D-HDFC BANK HOME LOAN EMI-50200123",25000.00,,319391.00
2026-07-05,"BILLDESK*HDFC CREDIT CARD PAYMENT-64803620",18952.00,,300439.00
2026-07-05,"NETFLIX.COM MUMBAI IN-6966",649.00,,299790.00
2026-07-05,"UPI-ZEPTO-zepto@axisbank-517797",250.00,,299540.00
2026-07-05,"UPI-ZOMATO ONLINE-zomato@hdfcbank-347741",320.00,,299220.00
2026-07-05,"UPI-NANDINI MILK-430526",480.00,,298740.00
2026-07-06,"UPI-ZEPTO-zepto@axisbank-094918",190.00,,298550.00
2026-07-07,"ACH D-ZERODHA BROKING SIP-664427",30000.00,,268550.00
2026-07-07,"UPI-UBER INDIA-uber@axisbank-827019",90.00,,268460.00
2026-07-07,"UPI-MTR FOODS-310813",450.00,,268010.00
2026-07-09,"UPI-ZEPTO-zepto@axisbank-874214",380.00,,267630.00
2026-07-10,"UPI-CULT.FIT-cultfit@axisbank-016263",1500.00,,266130.00
2026-07-10,"UPI-R SHARMA-ASHA HELP-rsharma@oksbi-271964",1000.00,,265130.00
2026-07-11,"UPI-BIGBASKET-bigbasket@icici-325759",340.00,,264790.00
2026-07-11,"UPI-ZOMATO ONLINE-zomato@hdfcbank-524921",300.00,,264490.00
2026-07-12,"BESCOM BILL PAYMENT-BBPS-83770937",3400.00,,261090.00
2026-07-12,"UPI-ZEPTO-zepto@axisbank-448291",170.00,,260920.00
2026-07-12,"UPI-UBER INDIA-uber@axisbank-069462",170.00,,260750.00
2026-07-12,"UPI-AMAZON PAY INDIA-amazon@apl-970408",610.00,,260140.00
2026-07-13,"UPI-RAPIDO-rapido@ybl-139863",30.00,,260110.00
2026-07-13,"UPI-SRI KRISHNA SWEETS-srikrishna@ybl-370575",140.00,,259970.00
2026-07-14,"UPI-ZOMATO ONLINE-zomato@hdfcbank-490968",220.00,,259750.00
2026-07-14,"UPI-FLIPKART-flipkart@axb-115600",410.00,,259340.00
2026-07-15,"ACT FIBERNET-BBPS-43845920",999.00,,258341.00
2026-07-15,"UPI-BLINKIT-blinkit@hdfcbank-993012",290.00,,258051.00
2026-07-15,"UPI-BLINKIT-blinkit@hdfcbank-304924",270.00,,257781.00
2026-07-15,"UPI-SANKEY WATER TANKER-178603",120.00,,257661.00
2026-07-16,"UPI-BLINKIT-blinkit@hdfcbank-429995",160.00,,257501.00
2026-07-17,"UPI-R SHARMA-ASHA HELP-rsharma@oksbi-649546",1000.00,,256501.00
2026-07-18,"AIRTEL POSTPAID-BBPS-53609124",799.00,,255702.00
2026-07-18,"UPI-RAPIDO-rapido@ybl-481381",50.00,,255652.00
2026-07-18,"UPI-RAPIDO-rapido@ybl-778087",50.00,,255602.00
2026-07-19,"UPI-RELIANCE FRESH-910063",150.00,,255452.00
2026-07-20,"UPI-ZEPTO-zepto@axisbank-662422",270.00,,255182.00
2026-07-20,"UPI-SWIGGY-swiggy@icici-092977",140.00,,255042.00
2026-07-20,"UPI-SWIGGY-swiggy@icici-949086",230.00,,254812.00
2026-07-20,"UPI-SHIVAJI MOBILES-682799",620.00,,254192.00
2026-07-21,"UPI-BLINKIT-blinkit@hdfcbank-682294",250.00,,253942.00
2026-07-21,"UPI-DR RAO DENTAL-279414",600.00,,253342.00
2026-07-22,"UPI-ZEPTO-zepto@axisbank-292592",200.00,,253142.00
2026-07-22,"UPI-ZEPTO-zepto@axisbank-910620",170.00,,252972.00
2026-07-22,"UPI-BLINKIT-blinkit@hdfcbank-281296",330.00,,252642.00
2026-07-22,"UPI-ZOMATO ONLINE-zomato@hdfcbank-733060",300.00,,252342.00
2026-07-22,"UPI-RAPIDO-rapido@ybl-116077",50.00,,252292.00
2026-07-23,"UPI-ZEPTO-zepto@axisbank-857664",290.00,,252002.00
2026-07-23,"UPI-SWIGGY-swiggy@icici-607570",140.00,,251862.00
2026-07-24,"UPI-R SHARMA-ASHA HELP-rsharma@oksbi-107089",1000.00,,250862.00
2026-07-24,"UPI-LIFESTYLE STORES-758097",540.00,,250322.00
2026-07-26,"UPI-ZEPTO-zepto@axisbank-912562",320.00,,250002.00
2026-07-26,"UPI-SWIGGY-swiggy@icici-158807",170.00,,249832.00
2026-07-26,"UPI-AMAZON PAY INDIA-amazon@apl-637946",580.00,,249252.00
2026-07-27,"UPI-ZEPTO-zepto@axisbank-510660",290.00,,248962.00
2026-07-27,"UPI-ZEPTO-zepto@axisbank-917167",260.00,,248702.00
2026-07-27,"UPI-ZEPTO-zepto@axisbank-399750",300.00,,248402.00
2026-07-27,"UPI-BIGBASKET-bigbasket@icici-470838",390.00,,248012.00
2026-08-01,"NEFT CR-ACMEWORKS TECHNOLOGIES PVT LTD-SALARY",,110000.00,358012.00
2026-08-01,"UPI-SUNITA SHARMA-SCHOOLBUS-sunita.sharma@okicici",2400.00,,355612.00
2026-08-01,"UPI-ZEPTO-zepto@axisbank-391173",430.00,,355182.00
2026-08-01,"UPI-BIGBASKET-bigbasket@icici-316055",420.00,,354762.00
2026-08-01,"UPI-SWIGGY-swiggy@icici-407111",120.00,,354642.00
2026-08-01,"UPI-SWIGGY-swiggy@icici-604867",260.00,,354382.00
2026-08-02,"UPI-UBER INDIA-uber@axisbank-444725",130.00,,354252.00
2026-08-03,"UPI-RAMESH KUMAR-RENT-ramesh.kumar@okhdfcbank",32000.00,,322252.00
2026-08-03,"UPI-R SHARMA-ASHA HELP-rsharma@oksbi-923704",1000.00,,321252.00
2026-08-03,"UPI-ZEPTO-zepto@axisbank-003023",180.00,,321072.00
2026-08-03,"UPI-IKEA INDIA-970558",480.00,,320592.00
2026-08-04,"UPI-ZEPTO-zepto@axisbank-713847",240.00,,320352.00
2026-08-04,"UPI-RAPIDO-rapido@ybl-587273",50.00,,320302.00
2026-08-04,"ATM CASH WDL-219063-BLR",2000.00,,318302.00
2026-08-05,"ACH D-HDFC BANK HOME LOAN EMI-50200123",25000.00,,293302.00
2026-08-05,"BILLDESK*HDFC CREDIT CARD PAYMENT-65074906",18400.00,,274902.00
2026-08-05,"NETFLIX.COM MUMBAI IN-3315",649.00,,274253.00
2026-08-06,"UPI-ZEPTO-zepto@axisbank-181368",440.00,,273813.00
2026-08-06,"UPI-ZEPTO-zepto@axisbank-873843",240.00,,273573.00
2026-08-06,"UPI-ZOMATO ONLINE-zomato@hdfcbank-042114",200.00,,273373.00
2026-08-07,"ACH D-ZERODHA BROKING SIP-457385",30000.00,,243373.00
2026-08-07,"UPI-ZEPTO-zepto@axisbank-582740",320.00,,243053.00
2026-08-07,"UPI-ZOMATO ONLINE-zomato@hdfcbank-054738",270.00,,242783.00
2026-08-09,"UPI-SPOTIFY INDIA-445773",580.00,,242203.00
2026-08-10,"UPI-CULT.FIT-cultfit@axisbank-275378",1500.00,,240703.00
2026-08-10,"UPI-R SHARMA-ASHA HELP-rsharma@oksbi-832970",1000.00,,239703.00
2026-08-10,"UPI-ZEPTO-zepto@axisbank-001724",450.00,,239253.00
2026-08-10,"UPI-ZEPTO-zepto@axisbank-344272",240.00,,239013.00
2026-08-10,"UPI-SWIGGY-swiggy@icici-855712",100.00,,238913.00
2026-08-10,"UPI-AMAZON PAY INDIA-amazon@apl-303299",710.00,,238203.00
2026-08-10,"UPI-VIJAYA CLINIC-668634",300.00,,237903.00
2026-08-11,"UPI-ZEPTO-zepto@axisbank-995838",350.00,,237553.00
2026-08-12,"BESCOM BILL PAYMENT-BBPS-50297318",3800.00,,233753.00
2026-08-12,"UPI-ZOMATO ONLINE-zomato@hdfcbank-846615",230.00,,233523.00
2026-08-12,"UPI-UBER INDIA-uber@axisbank-426568",140.00,,233383.00
2026-08-13,"UPI-SWIGGY-swiggy@icici-228357",110.00,,233273.00
2026-08-13,"UPI-RAPIDO-rapido@ybl-841097",60.00,,233213.00
2026-08-14,"UPI-ZOMATO ONLINE-zomato@hdfcbank-240383",340.00,,232873.00
2026-08-14,"UPI-ZOMATO ONLINE-zomato@hdfcbank-683030",170.00,,232703.00
2026-08-14,"UPI-IRCTC-irctc@sbi-404649",1330.00,,231373.00
2026-08-15,"ACT FIBERNET-BBPS-67243526",999.00,,230374.00
2026-08-15,"UPI-BLINKIT-blinkit@hdfcbank-151854",240.00,,230134.00
2026-08-16,"UPI-AMAZON PAY INDIA-amazon@apl-046778",400.00,,229734.00
2026-08-16,"UPI-FLIPKART-flipkart@axb-732479",1190.00,,228544.00
2026-08-17,"UPI-R SHARMA-ASHA HELP-rsharma@oksbi-051685",1000.00,,227544.00
2026-08-17,"UPI-ZEPTO-zepto@axisbank-003298",230.00,,227314.00
2026-08-17,"UPI-RAPIDO-rapido@ybl-367545",70.00,,227244.00
2026-08-18,"AIRTEL POSTPAID-BBPS-55335046",799.00,,226445.00
2026-08-18,"UPI-BLINKIT-blinkit@hdfcbank-679229",270.00,,226175.00
2026-08-18,"UPI-UBER INDIA-uber@axisbank-826865",120.00,,226055.00
2026-08-18,"UPI-DECATHLON SPORTS-188129",130.00,,225925.00
2026-08-19,"UPI-SRI KRISHNA SWEETS-srikrishna@ybl-175674",240.00,,225685.00
2026-08-19,"UPI-CAFE COFFEE DAY-955036",160.00,,225525.00
2026-08-20,"UPI-SWIGGY-swiggy@icici-905760",270.00,,225255.00
2026-08-20,"UPI-CURRY LEAF DINERS-053175",150.00,,225105.00
2026-08-21,"UPI-ZEPTO-zepto@axisbank-549292",440.00,,224665.00
2026-08-21,"UPI-SWIGGY-swiggy@icici-366531",180.00,,224485.00
2026-08-21,"UPI-RAPIDO-rapido@ybl-216515",90.00,,224395.00
2026-08-22,"UPI-BLINKIT-blinkit@hdfcbank-600750",310.00,,224085.00
2026-08-23,"UPI-BIGBASKET-bigbasket@icici-890487",730.00,,223355.00
2026-08-23,"UPI-SWIGGY-swiggy@icici-784009",160.00,,223195.00
2026-08-23,"UPI-SWIGGY-swiggy@icici-878041",200.00,,222995.00
2026-08-23,"UPI-RAPIDO-rapido@ybl-604911",50.00,,222945.00
2026-08-24,"UPI-R SHARMA-ASHA HELP-rsharma@oksbi-283169",1000.00,,221945.00
2026-08-24,"UPI-ZEPTO-zepto@axisbank-329972",240.00,,221705.00
2026-08-24,"UPI-ZEPTO-zepto@axisbank-500057",450.00,,221255.00
2026-08-24,"UPI-BLINKIT-blinkit@hdfcbank-801095",180.00,,221075.00
2026-08-24,"UPI-SWIGGY-swiggy@icici-306773",100.00,,220975.00
2026-08-26,"UPI-BLINKIT-blinkit@hdfcbank-797352",220.00,,220755.00
2026-08-26,"UPI-ZOMATO ONLINE-zomato@hdfcbank-256524",320.00,,220435.00
2026-08-27,"UPI-TOYS R US BLR-222246",550.00,,219885.00
2026-09-01,"NEFT CR-ACMEWORKS TECHNOLOGIES PVT LTD-SALARY",,110000.00,329885.00
2026-09-01,"UPI-SUNITA SHARMA-SCHOOLBUS-sunita.sharma@okicici",2400.00,,327485.00
2026-09-01,"UPI-SWIGGY-swiggy@icici-353008",190.00,,327295.00
2026-09-01,"UPI-RAPIDO-rapido@ybl-740570",80.00,,327215.00
2026-09-02,"UPI-BLINKIT-blinkit@hdfcbank-313408",340.00,,326875.00
2026-09-02,"UPI-MORE SUPERMARKET-537591",360.00,,326515.00
2026-09-02,"UPI-NAMMA CHAI-029101",610.00,,325905.00
2026-09-03,"UPI-RAMESH KUMAR-RENT-ramesh.kumar@okhdfcbank",32000.00,,293905.00
2026-09-03,"UPI-R SHARMA-ASHA HELP-rsharma@oksbi-336775",1000.00,,292905.00
2026-09-04,"UPI-ZEPTO-zepto@axisbank-467857",330.00,,292575.00
2026-09-04,"ATM CASH WDL-744384-BLR",2000.00,,290575.00
2026-09-04,"UPI-TOIT BREWPUB-toit@icici-238463",8300.00,,282275.00
2026-09-05,"ACH D-HDFC BANK HOME LOAN EMI-50200123",25000.00,,257275.00
2026-09-05,"BILLDESK*HDFC CREDIT CARD PAYMENT-65346193",17848.00,,239427.00
2026-09-05,"NETFLIX.COM MUMBAI IN-9665",649.00,,238778.00
2026-09-05,"UPI-UBER INDIA-uber@axisbank-144824",150.00,,238628.00
2026-09-05,"UPI-RAPIDO-rapido@ybl-017924",50.00,,238578.00
2026-09-06,"UPI-ZEPTO-zepto@axisbank-088879",410.00,,238168.00
2026-09-06,"UPI-BIGBASKET-bigbasket@icici-937071",770.00,,237398.00
2026-09-07,"ACH D-ZERODHA BROKING SIP-250343",30000.00,,207398.00
2026-09-07,"UPI-BLINKIT-blinkit@hdfcbank-272556",300.00,,207098.00
2026-09-08,"UPI-ZEPTO-zepto@axisbank-240253",310.00,,206788.00
2026-09-08,"UPI-ZOMATO ONLINE-zomato@hdfcbank-350560",260.00,,206528.00
2026-09-08,"UPI-SRI KRISHNA SWEETS-srikrishna@ybl-636190",120.00,,206408.00
2026-09-09,"UPI-SWIGGY-swiggy@icici-229161",300.00,,206108.00
2026-09-09,"UPI-SWIGGY-swiggy@icici-116756",170.00,,205938.00
2026-09-09,"UPI-UBER INDIA-uber@axisbank-260740",190.00,,205748.00
2026-09-09,"UPI-BOOKMYSHOW-153778",200.00,,205548.00
2026-09-10,"UPI-CULT.FIT-cultfit@axisbank-534492",1500.00,,204048.00
2026-09-10,"UPI-R SHARMA-ASHA HELP-rsharma@oksbi-393976",1000.00,,203048.00
2026-09-10,"UPI-ZEPTO-zepto@axisbank-129234",210.00,,202838.00
2026-09-10,"UPI-BOOKS & BEYOND-966029",650.00,,202188.00
2026-09-11,"UPI-AMAZON PAY INDIA-amazon@apl-152188",630.00,,201558.00
2026-09-12,"BESCOM BILL PAYMENT-BBPS-16823698",4200.00,,197358.00
2026-09-12,"UPI-BLINKIT-blinkit@hdfcbank-908053",230.00,,197128.00
2026-09-12,"UPI-ZOMATO ONLINE-zomato@hdfcbank-184463",330.00,,196798.00
2026-09-13,"UPI-ZEPTO-zepto@axisbank-095975",290.00,,196508.00
2026-09-13,"UPI-ZEPTO-zepto@axisbank-962986",280.00,,196228.00
2026-09-13,"UPI-SWIGGY-swiggy@icici-605726",260.00,,195968.00
2026-09-14,"UPI-ZEPTO-zepto@axisbank-654819",350.00,,195618.00
2026-09-15,"ACT FIBERNET-BBPS-90641133",999.00,,194619.00
2026-09-15,"UPI-PRIYA TAILORS-442599",510.00,,194109.00
2026-09-16,"UPI-SWIGGY-swiggy@icici-587303",110.00,,193999.00
2026-09-16,"UPI-RAPIDO-rapido@ybl-947604",40.00,,193959.00
2026-09-17,"UPI-R SHARMA-ASHA HELP-rsharma@oksbi-453825",1000.00,,192959.00
2026-09-17,"UPI-AMAZON PAY INDIA-amazon@apl-355429",300.00,,192659.00
2026-09-18,"AIRTEL POSTPAID-BBPS-57060969",799.00,,191860.00
2026-09-18,"UPI-BLINKIT-blinkit@hdfcbank-508845",140.00,,191720.00
2026-09-18,"UPI-SWIGGY-swiggy@icici-641378",220.00,,191500.00
2026-09-19,"UPI-ZEPTO-zepto@axisbank-992695",420.00,,191080.00
2026-09-19,"UPI-BIGBASKET-bigbasket@icici-758120",340.00,,190740.00
2026-09-20,"UPI-ZEPTO-zepto@axisbank-240921",290.00,,190450.00
2026-09-20,"UPI-ZOMATO ONLINE-zomato@hdfcbank-165306",310.00,,190140.00
2026-09-21,"UPI-ZEPTO-zepto@axisbank-664809",440.00,,189700.00
2026-09-21,"UPI-UBER INDIA-uber@axisbank-190716",140.00,,189560.00
2026-09-21,"UPI-RAPIDO-rapido@ybl-315485",70.00,,189490.00
2026-09-21,"UPI-BANGALORE ONE-239835",200.00,,189290.00
2026-09-22,"UPI-ZOMATO ONLINE-zomato@hdfcbank-287731",140.00,,189150.00
2026-09-22,"UPI-MEDPLUS PHARMACY-248653",500.00,,188650.00
2026-09-23,"UPI-ZOMATO ONLINE-zomato@hdfcbank-932135",190.00,,188460.00
2026-09-24,"UPI-R SHARMA-ASHA HELP-rsharma@oksbi-459248",1000.00,,187460.00
2026-09-24,"UPI-BLINKIT-blinkit@hdfcbank-267225",160.00,,187300.00
2026-09-24,"UPI-SWIGGY-swiggy@icici-016786",220.00,,187080.00
2026-09-24,"UPI-RAPIDO-rapido@ybl-093745",50.00,,187030.00
2026-09-24,"UPI-RAPIDO-rapido@ybl-951648",60.00,,186970.00
2026-09-25,"UPI-SWIGGY-swiggy@icici-809809",260.00,,186710.00
2026-09-26,"UPI-ZEPTO-zepto@axisbank-707522",400.00,,186310.00
2026-09-26,"UPI-ZOMATO ONLINE-zomato@hdfcbank-618509",310.00,,186000.00